Quarter,Gross,Percent
Q1,2805433694,0.24056
Q2,3291290572,0.28222
Q3,2671776955,0.22910
Q4,2893737893,0.24813
